Species,km_labels,new_km_labels
Acosmeryx naga naga,1,5
Scriptoplusia nigriluna,9,7
Chiasmia inchoata,8,8
Dinumma placens,6,3
Herculia pelasgalis,8,8
Cosmotriche discitincta,4,0
Ercheia niveostrigata,0,13
Atacira lyncestides,8,8
Mythimna purpurpatagis,9,7
Fascellina subsignata,3,10
Blepharoctenucha virescens kawabei,7,1
Alcis anmashanensis,7,1
Macroglossum saga,2,2
Disparia diluta variegata,9,7
Mythimna bani,3,10
Macrocilix mysticata flavotincta,2,2
Aglaomorpha histrio formosana,8,8
Herminia vermiculata,5,11
Circobotys aurealis,5,11
Caduca albopunctata,11,12
Fascellina chromataria,14,9
Gandaritis sinicaria postalba,7,1
Bastilla fulvotaenia,10,14
Dysaethria fulvihamata,14,9
Acosmerycoides harterti,0,13
Ctenoplusia kosemponensis,9,7
Krananda semihyalina,12,4
Fentonia baibarana,13,6
Bombyx mandarina formosana,0,13
Xandrames dholaria,2,2
Norracoides basinotata,14,9
Lampropteryx synthetica,0,13
Hypena kanshireiensis,11,12
Herminia kurokoi,11,12
Pangrapta vasava,1,5
Barsine sauteri,14,9
Blenina senex,12,4
Agrius convolvuli,14,9
Kerala lentiginosa,6,3
Aroana baliensis,11,12
Borsippa diffisa,11,12
Endotricha similata,7,1
Rhynchaglaea hemixantha hemixantha,7,1
Simplicia niphona,11,12
Susica sinensis,10,14
Machaeropteris petalacma,7,1
Dipterygina indica,9,7
Hadennia hisbonalis,0,13
Tethea oberthueri taiwana,2,2
Bastilla praetermissa,10,14
Paracolax sugii,10,14
Tiracola plagiata,13,6
Hepatica irrorata,13,6
Microxyla confusa,5,11
Amblychia moltrechti,4,0
Achaea janata,12,4
Nevrina procopia,10,14
Ourapteryx clara formosana,2,2
Menophra anaplagiata,12,4
Arcte coerula,12,4
Arasada pyraliformis,5,11
Eudocima salaminia,0,13
Trisuloides sericea,13,6
Lithopolia confusa confusa,7,1
Polyphagozerra coffeae,13,6
Hyalobathra coenostolalis,14,9
Ectropis bhurmitra,5,11
Hypena tristalis,6,3
Hemithea pallidimunda,1,5
Syllepte taiwanalis,10,14
Goniorhynchus butyrosus,3,10
Docirava flavilinata,4,0
Tamba taiwana,2,2
Pida decolorata maculosa,6,3
Pachypasoides albisparsus,4,0
Hepatica indentalis,3,10
Dendrolimus punctatus,12,4
Marumba sperchius horiana,12,4
Hypena taiwana,1,5
Meganoton analis gressitti,12,4
Actias ningpoana ningtaiwana,12,4
Pseudomiza aurata,7,1
Dysstroma cinereata cinereata,2,2
Chabula trivitralis,10,14
Eterusia aedea formosana,10,14
Lomographa inamata,12,4
Hypochrosis rufescens,7,1
Acolutha pictaria imbecilla,1,5
Maikona yazakii,7,1
Arbudas submacula,1,5
Toxobotys nea,5,11
Pachyodes subtritus,11,12
Chalyboclydon marginata,0,13
Eligma narcissus,0,13
Ceratarcha umbrosa,14,9
Lemyra wernerthomasi,7,1
Psilalcis pulveraria,8,8
Pseudomiza obliquaria,12,4
Aedia perdicipennis,10,14
Chorodna ochreimacula,11,12
Glyphodes canthusalis,5,11
Lyclene acteola,1,5
Tyspanodes striata,8,8
Lemyra alikangensis,3,10
Dura alba,9,7
Corymica spatiosa,13,6
Endotricha olivacealis,8,8
Krananda latimarginaria,0,13
Shaka atrovittata mushensis,3,10
Meganola triangulalis,11,12
Apha arisana,2,2
Condica illecta,10,14
Eoophyla conjunctalis,10,14
Arichanna pryeraria,7,1
Celenna festivaria formosensis,12,4
Neogurelca hyas,9,7
Anorthoa changi,4,0
Oxacme cretacea,5,11
Euplexidia pallidivirens,7,1
Hyalobole changae,4,0
Antheraea formosana,8,8
Diaphania indica,11,12
Mecodina cineracea,11,12
Semiothisops macariata,5,11
Nola nephodes,5,11
Isocentris filalis,5,11
Oroplema oyamana,0,13
Ophiusa tirhaca,1,5
Aedia lichenea,11,12
Paralebeda femorata mirabilis,8,8
Danala lilacina,11,12
Mocis frugalis,0,13
Euproctis kanshireia,0,13
Olene dudgeoni,8,8
Bharetta owadai,12,4
Ourapteryx similaria horishana,2,2
Tanaorhinus kina flavinfra,6,3
Ghoria bani,4,0
Spilarctia subtestacea,10,14
Callopistria guttulalis,8,8
Tridrepana flava flava,1,5
Nyctemera arctata albofasciata,2,2
Creatonotos transiens vacillans,10,14
Xestia tamsi,4,0
Eilema pulverea,2,2
Thyas juno,12,4
Barsine fuscozonata,6,3
Nothomiza flavicosta,2,2
Oreta extensa,13,6
Adrapsa quadrilinealis,0,13
Gasterocome pannosaria orta,12,4
Takapsestis wilemaniella wilemaniella,7,1
Tridrepana unispina,13,6
Uresiphita tricolor,10,14
Dysaethria flavistriga,11,12
Syntomoides imaon,10,14
Abaciscus alishanensis,6,3
Hypocala subsatura,12,4
Thysanoplusia orichalcea,5,11
Corymica deducta,11,12
Pareclipsis umbrata,1,5
Narosoideus flavidorsalis,14,9
Mythimna sinuosa,2,2
Cirrhochrista spinuella,8,8
Calyptra minuticornis bisacutum,3,10
Hypena indicatalis,9,7
Ourapteryx changi,2,2
Tochara creberrima,0,13
Strepsigonia diluta takamukui,3,10
Corgatha tornalis,5,11
Chytonix costimacula,3,10
Panilla costipunctata,8,8
Sineugraphe elkalandozta,7,1
Mythimna (Sablia) nigrilinea,5,11
Pygospila tyres,1,5
Spilarctia alba kikuchii,2,2
Pennithera subcomis,4,0
Herpetogramma luctuosalis,10,14
Harutalcis fumigata,2,2
Eugoa cernyi,8,8
Alcis arizana,6,3
Argyrocosma inductaria,0,13
Chrysodeixis acuta,11,12
Herochroma baibarana,2,2
Dudusa nobilis,14,9
Hymenia perspectalis,0,13
Dysaethria obscuraria,14,9
Trachea punkikonis punkikonis,12,4
Diphtherocome pulchra,2,2
Zanclognatha nakatomii,3,10
Tarsolepis japonica,14,9
Psyra spurcataria,7,1
Gastropacha horishana,13,6
Ericeia pertendens,0,13
Nyctemera formosana,10,14
Perciana taiwana,7,1
Mythimna (Morphopoliana) plantei,2,2
Episparis taiwana,14,9
Sesamia nigropunctata,11,12
Epipsestis meilingchani,4,0
Zusidava serratilinea,2,2
Garaeus apicata formosanus,12,4
Phazaca kosemponicola,11,12
Hastina subfalcaria caeruleolineata,2,2
Eumelea ludovicata,5,11
Xylostola indistincta,13,6
Xylopolia fulvireniforma,4,0
Parasa tessellata,0,13
Eustroma contorta,12,4
Platycerota vitticostata,14,9
Carea internifusca,13,6
Creatonotos gangis,5,11
Hyposidra infixaria,5,11
Olulis puncticinctalis,5,11
Ziridava kanshireiensis,14,9
Mecodina praecipua,14,9
Micronia aculeata,5,11
Wernya rufifasciata,4,0
Calyptra orthograpta,3,10
Idaea sugillata,7,1
Pangrapta lunulata,5,11
Bertula hadenalis persimilis,5,11
Meganephria weixleri,7,1
Aplotelia diplographa,8,8
Fascellina plagiata,7,1
Somadasys catocoides,4,0
Opisthograptis moelleri,7,1
Chrysodeixis eriosoma,13,6
Theretra latreillii lucasii,14,9
Hypena lignealis,6,3
Altha lacteola melanopsis,3,10
Crypsiptya coclesalis,5,11
Spoladea recurvalis,10,14
Physetobasis dentifascia triangulifera,2,2
Zanclognatha subtriplex,14,9
Ambulyx semiplacida,2,2
Idaea sinicata,8,8
Spatalia dives,2,2
Sarcinodes carnearius,9,7
Dolbina inexacta,13,6
Cyclodes omma,11,12
Hypena ophiusoides,6,3
Cechenena lineosa,2,2
Nordstromia semililacina,2,2
Higena trichosticha,9,7
Periergos magna,3,10
Autoba tristalis,5,11
Asura tricolor,14,9
Acherontia lachesis,8,8
Hesudra divisa,6,3
Anectropis semifascia,7,1
Heterolocha marginata,2,2
Cypoides chinensis,13,6
Teliphasa albifusa,9,7
Mythimna (Hyphilare) hannemanni,5,11
Callambulyx tatarinovii formosana,12,4
Luxiaria amasa amasa,6,3
Ecliptopera benigna,13,6
Catocala macula,2,2
Dindica polyphaenaria,13,6
Acronicta hercules,6,3
Penicillaria jocosatrix,9,7
Parolulis renalis,11,12
Dendrolimus ariaznus,7,1
Pyrinioides sinuosus,0,13
Macroglossum pyrrhosticta,9,7
Biston marginata,3,10
Tridrepana arikana,8,8
Lebeda nobilis,0,13
Arichanna ochrivena,4,0
Diarsia canescens,12,4
Disparia nigrofasciata,8,8
Belippa horrida,11,12
Calliteara postfusca,12,4
Stigmatophora tridens,9,7
Eoophyla gibbosalis,10,14
Camptoloma carum,8,8
Trotocraspeda divaricata,8,8
Hippotion velox,1,5
Chiasmia intermediaria,10,14
Hypena tenebralis,2,2
Scopelodes contractus,10,14
Diarsia arenosoides,4,0
Antitrygodes divisaria perturbatus,10,14
Agrochola albirena chihtuana,7,1
Pheosiopsis (Suzukiana) cinerea formosana,7,1
Chorodna creataria,13,6
Doratoptera lutea,12,4
Bocchoris inspersalis,5,11
Stauropus teikichiana,14,9
Hyposidra talaca,0,13
Dendrolimus taiwanus,7,1
Camptomastix hisbonalis,14,9
Orthopygia nannodes,3,10
Anorthoa plumbeata,4,0
Asota plana lacteata,10,14
Syntypistis viridipicta,11,12
Pseudabraxas taiwana,1,5
Tyspanodes hypsalis,0,13
Endocrossis caldusalis,0,13
Jodis rantaizanensis,6,3
Arichanna postflava,6,3
Chlorodontopera discospilata,7,1
Iragaodes nobilis,12,4
Moma abbreviata,13,6
Taicallimorpha albipuncta,4,0
Harpyia formosicola,7,1
Laspeyria ruficeps,11,12
Oglasa costimacula,5,11
Zurobata vacillans,14,9
Ischyja manlia,1,5
Palirisa cervina formosana,7,1
Lygephila kishidai,2,2
Pida postalba,7,1
Simplicia xanthoma,11,12
Schistophleps bipuncta,5,11
Lymantria xylina,3,10
Pericyma cruegeri,11,12
Drepana pallida nigromaculata,2,2
Uresiphita quinquigera,10,14
Spilarctia subcarnea,5,11
Arichanna marginata,12,4
Sibatania arizana,12,4
Corymica arnearia,13,6
Hyposada fasciosa,0,13
Flavinarosa obscura,0,13
Hylophilodes tsukusensis,13,6
Itmaharela basalis,12,4
Hypochrosis baenzigeri,14,9
Omphalomia hirta,3,10
Chiasmia perfusaria,11,12
Syntypistis comatus,2,2
Luxiaria obliquata,10,14
Monocerotesa abraxides,12,4
Microblepsis rugosa,14,9
Perina nuda,0,13
Percnia luridaria nominoneura,8,8
Callidula attenuata,0,13
Metaphoenia incongrualis,5,11
Hypatima spathota,11,12
Narangodes confluens,2,2
Idaea costiguttata,1,5
Asota tortuosa,2,2
Macaria abydata,5,11
Microlygris complicata dactylotypa,0,13
Neopheosia fasciata fasciata,12,4
Myrioblephara simplaria,1,5
Arctioblepsis rubida,0,13
Vindusara moorei,8,8
Eumeta pryeri,10,14
Brahmaea wallichii insulata,7,1
Hemipsilia coavestis,7,1
Syntypistis subgeneris,11,12
Calliteara grotei horishanella,13,6
Orthozona curvilineata,7,1
Corymica pryeri,13,6
Hypocala violacea,12,4
Calliteara lunulata takamukuana,12,4
Cusiala boarmioides,0,13
Spatulipalpia albistrialis,11,12
Notodonta griseotincta,7,1
Bocula caradrinoides,6,3
Clavipalpula aurariae formosana,4,0
Conistra takasago,1,5
Parasa shirakii,13,6
Agrioglypta itysalis,5,11
Diarsia formosana,12,4
Ampelophaga rubiginosa myosotis,8,8
Hydatocapnia gemina,8,8
Tristeirometa decussata moltrechti,7,1
Macaria acutaria,8,8
Mecodina albodentata,5,11
Thinopteryx crocoptera assamensis,13,6
Glyphodes itysalis,5,11
Botyodes asialis,13,6
Erygia apicalis,0,13
Prochasma dentilinea,4,0
Metaemene atrigutta,5,11
Lophoruza albicostalis,8,8
Alcis taiwanovariegata,12,4
Callopistria nobilior,9,7
Timandra extremaria,10,14
Stenoloba manleyi formosana,3,10
Pseudosphetta moorei,0,13
Maruca vitrata,1,5
Mythimna radiata,2,2
Cosmophila lyona,11,12
Lophoptera hemithyris,11,12
Herpetogramma moderatale,5,11
Hypospila bolinoides,8,8
Tanaoctenia haliaria,7,1
Mataeomera biangulata,14,9
Oreta insignis,13,6
Zanclopera calidata,0,13
Hampsonella arizana,2,2
Avatha chinensis,2,2
Miltochrista delineata,14,9
Traminda aventiaria,10,14
Stauropus takamukuanus,12,4
Cania heppneri,0,13
Menophra nakajimai,12,4
Nacna malachitis,7,1
Mythimna yu,5,11
Euproctis sericea,7,1
Spodoptera litura,8,8
Chlorodontopera taiwana,6,3
Cechenena minor,9,7
Alcis semiusta,4,0
Racotis boarmiaria,8,8
Ilema nigrofascia,14,9
Maxates sinuolata,7,1
Loxioda similis,1,5
Athetis stellulata,13,6
Eressa confinis finitima,10,14
Lymantria sugii,2,2
Macroglossum mitchelli imperator,12,4
Lygniodes hypoleuca,13,6
Naxidia punctata,6,3
Euthrix nigropuncta,13,6
Odontopera albiguttulata,7,1
Elusa ustula,5,11
Tyana falcata,1,5
Zeuzera multistrigata,2,2
Tamba lala,5,11
Spodoptera mauritia acronyctoides,13,6
Ericeia eriophora,14,9
Herpetogramma magna,1,5
Monema rubriceps,0,13
Rikiosatoa fucataria,7,1
Maruca amboinalis,10,14
Eugoa grisea,1,5
Acmeshachia gigantea,7,1
Polythlipta divaricata,9,7
Clanis bilineata formosana,8,8
Peratostega deletaria deletaria,8,8
Blenina quinaria,12,4
Aroa substrigosa,10,14
Ambulyx japonica angustifasciata,2,2
Pingasa ruginaria pacifica,11,12
Aedia leucomelas,9,7
Tisis mesozosta,11,12
Dudusa synopla,11,12
Mocis undata,11,12
Orthosia perfusca,4,0
Amerila astrea,0,13
Orthosia castanea,4,0
Dypterygia subfusca,2,2
Hulodes caranea,0,13
Mecodina subcostalis,1,5
Eilicrinia flava,3,10
Bertula quadripuncta,3,10
Analthes insignis,0,13
Ilema kosemponica,9,7
Orgyia postica,0,13
Rivula niveipuncta,10,14
Callopistria delicata,12,4
Perixera sarawackaria,8,8
Tambana subflava,4,0
Hypomecis monotona,2,2
Lophoruza pulcherrima,8,8
Sympis rufibasis,0,13
Hypomecis punctinalis glos,0,13
Orthocraspeda furva,11,12
Mythimna subplacida,5,11
Lymantria grisea,12,4
Barsine aberrans,9,7
Phalacra strigata insulicola,11,12
Mythimna franclemonti,5,11
Mythimna decisissima,1,5
Auchmis inextricata,4,0
Palpita asiaticalis,6,3
Perinaenia mingchyrica,7,1
Rusicada privata,13,6
Eusabena miltochristalis,0,13
Ectropis arizanensis,3,10
Xenoplia trivialis,2,2
Callopistria repleta,6,3
Potnyctycia nemesi,2,2
Characoma glaucopasta,9,7
Eumorphobotys eumorphalis,8,8
Locharna strigipennis,11,12
Oruza albigutta,11,12
Eilema magnata,9,7
Bertula kosemponica,11,12
Spilarctia wilemani,12,4
Hypena sinuosa,6,3
Spilosoma fumida,4,0
Bertula venata,14,9
Eudocima phalonia,14,9
Pindara illibata,11,12
Dindica purpurata,13,6
Ourapteryx ramosa,4,0
Ganisa formosicola,6,3
Psilalcis albibasis,2,2
Parallelia stuposa,10,14
Neotogaria saitonis,6,3
Prorodes mimicus,11,12
Alcis maculata taiwanica,4,0
Leucobrepsis taiwanensis,10,14
Pangrapta plumbilineata,0,13
Hydrillodes hemusalis,9,7
Discoglypha locupletata,6,3
Rusicada combinans,13,6
Nyctemera adversata,10,14
Psilalcis breta rantaizana,14,9
Phalera obscura,3,10
Radhica flavovittata taiwanensis,1,5
Hypersypnoides punctosa,1,5
Teliphasa nubilosa,13,6
Parum colligata,5,11
Deileptenia rimosaria,2,2
Heterolocha biplagiata,2,2
Cleora fraterna,13,6
Ischyja ferrifracta,0,13
Euchristophia cumulata meridionalis,2,2
Westermannia elliptica elliptica,0,13
Lyclene arcuata,3,10
Ourapteryx yerburii virescens,2,2
Hypomecis roboraria amplaria,1,5
Ercheia cyllaria,10,14
Harutaea flavizona,8,8
Xyleutes strix,0,13
Loxopamea rufus,4,0
Chusaris nigromaculata,14,9
Bastilla maturata,0,13
Homodes vivida,14,9
Sarbanissa interposita,6,3
Habrosyne indica formosana,6,3
Nishada formosibia,5,11
Oraesia excavata,13,6
Demonarosa rufotessellata subrosea,10,14
Cyana effracta posilla,6,3
Lophophleps purpurea,11,12
Wittstrotia taroko,7,1
Tethea octogesima watanabei,2,2
Dindica wilemani,3,10
Pterotosoma castanea,8,8
Euproctis purpureofasciata,4,0
Panolis variegatoides,4,0
Arichanna picaria,4,0
Biston regalis comitatus,7,1
Spaniocentra hollowayi,0,13
Tyloptera bella ogatai,6,3
Oberthueria formosibia,2,2
Acosmeryx castanea,14,9
Metaphoenia plagifera,5,11
Kunugia undans metanastroides,1,5
Phazaca theclatus,13,6
Pylargosceles steganioides limbaria,3,10
Blasticorhinus bifasciata,6,3
Lemyra imparilis,0,13
Craniophora harmandi,7,1
Diarsia cia,4,0
Aurana vinaceella,3,10
Aethalura duplicata,6,3
Epipsestis nikkoensis,7,1
Miresa fulgida,8,8
Barsine ponlai,8,8
Epiplema arcuata,4,0
Martania seriata,4,0
Dictyestra dissecta,3,10
Euproctis pulverea,2,2
Arcesis threnodes,9,7
Callopistria rivularis,3,10
Ophiusa disjungens indiscriminata,0,13
Achaea serva,14,9
Tarsolepis taiwana,6,3
Macroglossum fritzei,13,6
Areas galactina formosana,10,14
Mesoptila melanolopha,4,0
Euplexidia angusta,7,1
Callopistria phaeogona,9,7
Calliteara taiwana,6,3
Hipoepa biasalis,11,12
Checupa stegeri,2,2
Melanthia procellata szechuanensis,7,1
Orthosia alishana,2,2
Triuncina brunnea,12,4
Odontopera insulata,4,0
Agathia laetata,0,13
Chrysodeixis heberachis,8,8
Vamuna alboluteora,2,2
Tympanistes rubidorsalis,2,2
Oxyodes scrobiculata,13,6
Timandromorpha discolor,7,1
Idaea egenaria,1,5
Syntypistis umbrosa,2,2
Serrodes campana,0,13
Hypersypnoides submarginata,6,3
Olene mendosa,13,6
Milionia zonea pryeri,10,14
Adrapsa simplex,10,14
Bagada poliomera,0,13
Alcis admissaria undularia,2,2
Martania taiwana,4,0
Lophophelma iterans onerosus,8,8
Agrotis ipsilon,13,6
Dipterygina cupreotincta,12,4
Calguia defiguralis,8,8
Acosmeryx formosana,8,8
Asura arcuata,8,8
Xandrames latiferaria curvistriga,8,8
Metaemene hampsoni,13,6
Mythimna martoni,2,2
Trigonodes hyppasia,10,14
Cosmia unicolor,7,1
Ambulyx ochracea,8,8
Hipoepa fractalis,11,12
Scopula kagiata,1,5
Fodina contigua,3,10
Thyas coronata,12,4
Conilepia nigricosta paiwan,5,11
Ernolatia moorei,5,11
Teulisna tumida,12,4
Calicha griseoviridata,2,2
Psidopala shirakii,7,1
Calesia dasypterus,0,13
Kamalia tattakana,7,1
Conistra anonyma,7,1
Synegia masuii,3,10
Hydrelia bicolorata,7,1
Mythimna separata,11,12
Andraca theae,7,1
Kunugia brunnea,2,2
Epobeidia lucifera extranigricans,4,0
Telorta yazakii,4,0
Cidariplura gladiata,0,13
Lamida obscura,8,8
Cerynea igniaria,5,11
Bastilla joviana,0,13
Dysaethria suisharyonis,2,2
Cnaphalocrocis medinalis,3,10
Blasticorhinus rivulosa,5,11
Percnia suffusa,8,8
Phazaca alikangensis,0,13
Amphipyra shryshana,4,0
Chloroclystis blanda,4,0
Apospasta rantaizanensis,2,2
Calliteara arizana,6,3
Paracymoriza cataclystalis,1,5
Amblychia angeronaria,0,13
Carea varipes,12,4
Caiella martini,4,0
Catoria sublavaria,5,11
Pilipectus taiwanus,7,1
Pseudargyria interruptella,12,4
Callopistria deflexusa,9,7
Medama diplaga,13,6
Mythimna taiwana,5,11
Paramaxates taiwana,2,2
Percnia longitermen,8,8
Macaldenia palumba,0,13
Lemyra fallaciosa,2,2
Simplicia butesalis,0,13
Palpoctenidia phoenicosoma semilauta,6,3
Cyana subalba,6,3
Ilema olivacea,11,12
Endotricha consocia,5,11
Blavia scoteola,11,12
Borbacha pardaria,5,11
Locastra muscosalis,11,12
Atacira affinis,14,9
Tasta argozana,6,3
Trilocha varians,5,11
Chrysodeixis minutus,9,7
Tympanistes fusimargo,7,1
Calliteara saitonis,6,3
Acronicta intermedia,6,3
Narosoideus vulpinus,8,8
Somatina plynusaria,3,10
Callyna monoleuca,11,12
Tetridia caletoralis,11,12
Paradarisa chloauges,6,3
Eupithecia yoshimotoi,4,0
Trabala vishnou guttata,13,6
Nola fasciata,14,9
Lipomelia subusta,14,9
Agrotis taiwana,5,11
Lymantria concolor concolor,7,1
Hypena trigonalis,8,8
Stenia minoralis,14,9
Callibotys carapina,10,14
Ctenoplusia albostriata,8,8
Parapsestis argenteopicta taiwana,4,0
Thyatira batis formosicola,3,10
Trachea auriplena auriplena,12,4
Hypena longipennis,6,3
Ophiusa trapezium,14,9
Condica albigutta,10,14
Sophta olivata,10,14
Ecliptopera muscicolor allobathra,1,5
Xenotrachea albidisca pseudodisca,13,6
Simplicia simplicissima,11,12
Cruxoruza decorata,5,11
Simplicia cornicalis,11,12
Allodontoides tenebrosa,11,12
Sarbanissa cirrha,4,0
Hysteroscene hyalina,10,14
Lassaba parvalbidaria,2,2
Arna bipunctapex,3,10
Habrosyne petrographa,7,1
Garaeus specularis specularis,6,3
Anuga plicatrix,14,9
Thosea rufa,5,11
Cymatophoropsis formosana,2,2
Jankowskia taiwanensis,1,5
Edessena gentiusalis,0,13
Polythlipta maceratalis,9,7
Oreta fuscopurpurea,8,8
Somatina rosacea anaemica,13,6
Krananda oliveomarginata,14,9
Micronidia intermedia,7,1
Callyna contracta,2,2
Calyptra fletcheri,3,10
Chalciope mygdon,10,14
Cifuna locuples,8,8
Eupithecia nuceistrigata,7,1
Lophoptera nama,5,11
Stathmopoda fusciumeraris,5,11
Phlossa conjuncta,5,11
Clostera anachoreta,2,2
Dindica taiwana,12,4
Glyphodes onychinalis,5,11
Acronicta denticulata pernivea,2,2
Plecoptera siderogramma,5,11
Asota caricae,14,9
Egira acronyctoides,7,1
Acronicta pruinosa,2,2
Sarcinodes yayeyamanus,8,8
Lophontosia fusca,3,10
Menophra taiwana,12,4
Garudinia bimaculata,10,14
Callopistria clava,5,11
Euproctis magna,13,6
Timandra convectaria,5,11
Aethaloessa calidalis tiphalis,0,13
Comostola enodata,6,3
Panolis pinicortex exornata,7,1
Mesolia bipunctella,5,11
Eugoa brunnea,11,12
Diplurodes vestitus fuscovestitus,9,7
Loepa formosensis,1,5
Neohipparchus vallata,2,2
Scedopla umbrosa,11,12
Ctenoplusia adiaphora,6,3
Mythimna pallidicosta,12,4
Condica serva,11,12
Corgatha atrifalcis,0,13
Mythimna changi,6,3
Lophoptera longipennis,7,1
Abaciscus costimacula,3,10
Alcis taiwanensis,1,5
Eilema ratonis,8,8
Bertula parallela,0,13
Phlogophora albovittata,7,1
Magusa tenebrosa,12,4
Eutrogia morosa,11,12
Xanthorhoe mediofascia,7,1
Sypnoides chinensis,2,2
Ghoria tecta,4,0
Callopistria japonibia,3,10
Tensha striatella,14,9
Ericeia inangulata,14,9
Bastilla amygdalis,0,13
Agrotera basinotata,5,11
Opisthograptis punctilineata,4,0
Xanthorhoe saturata,11,12
Venusia lineata,2,2
Narangodes flavibasis,4,0
Euproctis croceola,2,2
Hadjina chinensis,14,9
Mythimna hannemanni,7,1
Euplexidia exotica,2,2
Parabapta unifasciata,12,4
Hydrillodes torsivena,12,4
Manoba major takasago,13,6
Alcis pallens,7,1
Comostola laesaria,11,12
Lomographa percnosticta,6,3
Setora postornata,11,12
Horipsestis aenea aenea,6,3
Panilla dispila,5,11
Karana gemmifera,2,2
Parectropis subflava,7,1
Callopistria maillardi,13,6
Cryptophlebia relpetana,11,12
Heterolocha coccinea,13,6
Blenina chlorophila,2,2
Eublemma quadrapex,11,12
Cernyia arizana,9,7
Thosea sinensis,10,14
Chamaita hirta,3,10
Simplicia discostica,0,13
Callyna semivitta,13,6
Barsine horishanella,14,9
Macrobrochis gigas,10,14
Anisoneura salebrosa,14,9
Eois lunulosa duplicilinea,0,13
Menophra mitsundoi,12,4
Paradarisa comparataria rantaizanensis,2,2
Orthosia atriluna,1,5
Bastilla arcuata,10,14
Bastilla absentimacula,0,13
Adrapsa ablualis,5,11
Lophophelma taiwana,14,9
Paraspilarctia magna,4,0
Hyperaeschrella nigribasis,2,2
Spilarctia tienmushana werneri,11,12
Lymantria sinica sinica,6,3
Hypena triangularis,1,5
Conogethes pinicolalis,8,8
Panthea grisea,7,1
Mithuna arizana,1,5
Nola tristicta,2,2
Callyna jugaria,0,13
Pachynoa thoosalis,5,11
Hydrillodes gravatalis,10,14
Setora baibarana,14,9
Rikiosatoa mavi,2,2
Danielithosia immaculata,5,11
Nudaria ranruna,6,3
Deileptenia argillacearia,12,4
Somera viridifusca viridifusca,14,9
Rhynchaglaea perscitula,4,0
Simplicia bimarginata,10,14
Churinga virago,4,0
Pangrapta trilineata,0,13
Pelagodes proquadrarius,8,8
Eilema usuguronis,5,11
Botyodes principalis,6,3
Chalcoscelides castaneipars,6,3
Maurilia iconica,12,4
Marumba cristata bukaiana,12,4
Fentonia ocypete,13,6
Pergesa actea,11,12
Lophobates inchoata,8,8
Orthaga olivacea,11,12
Squamipalpis subnubila,12,4
Plusiodonta coelonota,5,11
Hypena iconicalis,13,6
Synegia pallens abeliae,3,10
Luxiaria costinota,12,4
Perizoma fasciaria,11,12
Bradina diagonalis,0,13
Amplypterus mansoni takamukui,8,8
Batracharta divisa,6,3
Artena dotata,13,6
Callopistria duplicans,3,10
Miltochrista convexa,14,9
Spilarctia postrubida,10,14
Luxiaria mitorrhaphes,12,4
Lophobates ochrolaria,7,1
Omiodes noctescens,0,13
Eurrhyparodes contortalis,10,14
Ctenoplusia agnata,13,6
Athetis brunneolineosa,6,3
Somena scintillans,13,6
Paracymoriza nigra,14,9
Pogonopygia pavidus pavidus,2,2
Talanga nympha,5,11
Analthes taihokualis,10,14
Metabraxas rubrotincta,2,2
Bastilla acuta acuta,6,3
Prismosticta fenestrata,6,3
Cleora repulsaria,9,7
Phlossa taiwana,6,3
Ctenoplusia furcifera furcifera,1,5
Psilogramma increta,13,6
Mustilia sphingiformis gerontica,2,2
Rachiades lichenicolor albimaculata,1,5
Euhampsonia formosana,6,3
Yashmakia suffusa,14,9
Phthonandria atrilineata cuneilinearia,5,11
Erebus caprimulgus,13,6
Saturnia jonasi fukudai,4,0
Mythimna bistrigata,5,11
Theretra nessus,9,7
Lomographa platyleucata marginata,2,2
Diarsia subtincta,7,1
Chiasmia emersaria,5,11
Hypomecis cineracea,11,12
Chiasmia defixaria,14,9
Lymantria mathura subpallida,10,14
Heterothera sororcula,4,0
Axylia putris triseriata,12,4
Nausinoe perspectata,5,11
Formofentonia orbifer rotundata,6,3
Neope muirheadi nagasawae,14,9
Callidrepana patrana,3,10
Hypena amica,11,12
Netria viridescens continentalis,2,2
Eilema costipuncta,9,7
Lymantria umbrifera,7,1
Lemyra rhodophilodes,8,8
Cyana hamata,14,9
Spilarctia taiwanensis,5,11
Comibaena pictipennis,10,14
Gymnasura semilutea,12,4
Borsippa xanthostola,11,12
Pleuroptya deficiens,6,3
Microblepsis violacea,12,4
Chrysodeixis taiwani,12,4
Mythimna (Mythimna) albomarginata rubea,13,6
Ecliptopera umbrosaria stathera,3,10
Diarsia nigrosigna,6,3
Ommatophora luminosa,13,6
Dilophodes elegans khasiana,4,0
Biston perclarus,13,6
Cirrhochrista spissalis,5,11
Bocana manifestalis,0,13
Dysstroma fumata,4,0
Mustilia fusca,7,1
Phlogophora conservuloides,7,1
Chadisra bipartita,8,8
Ramesa albistriga,0,13
Chundana emarginata,12,4
Botyodes diniasalis,8,8
Athetis stellata,9,7
Thalatta fasciosa,0,13
Asota egens indica,8,8
Besaia nebulosa,4,0
Eustroma melancholica interrupta,4,0
Collix ghosha,14,9
Brunia antica,0,13
Mesastrape fulguraria,2,2
Horithyatira decorata takamukui,2,2
Hypocala deflorata,12,4
Amphitorna purpureofascia,11,12
Theretra clotho,9,7
Cleora contiguata,9,7
Tanaorhinus viridiluteata,12,4
Cotachena pubescens,13,6
Pleuroptya iopasalis,5,11
Syntypistis perdix confusa,7,1
Miltochrista aberrans,9,7
Dindica kishidai,12,4
Pelagodes subquadraria,11,12
Craneophora ficki,13,6
Piletocera aegimiusalis,10,14
Iraga rugosa,10,14
Ecliptopera rectilinea kanshinensis,3,10
Orybina flaviplaga,2,2
Antha grata,3,10
Ourapteryx caecata,4,0
Helicoverpa armigera,14,9
Lacera procellosa,11,12
Chrysaeglia magnifica,10,14
Loxaspilates montuosa,6,3
Krananda lucidaria,8,8
Pleuroptya punctimarginalis,5,11
Orthocabera sericea,2,2
Rhagastis castor formosana,1,5
Endotricha minialis,8,8
Carsina kanshireiensis,3,10
Heterostegania lunulosa,2,2
Phalera flavescens,13,6
Sophta diplochorda,0,13
Bertula centralis,3,10
Spodoptera pecten,5,11
Asura alikangiae,8,8
Leucobrepsis fenestraria,0,13
Spodoptera exigua,9,7
Tethea consimilis c-album,2,2
Odonestis bheroba formosae,13,6
Pseudocollix hyperythra catalalia,11,12
Gonodontis pallida,11,12
Perixera absconditaria absconditaria,12,4
Chiasmia eleonora,8,8
Xestia flavilinea,7,1
Sypnoides simplex,14,9
Mosopia punctilinea,0,13
Pareclipsis serrulata,1,5
Nola marginata,11,12
Platyja acerces,5,11
Euthrix laeta,8,8
Warreniplema fumicosta,6,3
Marumba gaschkewitschii gressitti,6,3
Craniophora fasciata,13,6
Gonitis mesogona,11,12
Ecliptopera delecta,9,7
Daddala lucilla,6,3
Erebus ephesperis,0,13
Rhagastis binoculata,8,8
Nechesia albodentata,5,11
Hypena albopunctalis,0,13
Nomophila noctuella,9,7
Apsarasa radians,10,14
Argyrogramma signata,9,7
Horipsestis mushana mushana,1,5
Potnyctycia taiwana,7,1
Mahanta kawadai,7,1
Lymantria iris,6,3
Spilarctia clava,4,0
Rhagastis mongoliana,8,8
Amyna punctum,11,12
Cyclidia substigmaria substigmaria,12,4
Prolophota trigonifera,3,10
Pleuroptya quadrimaculalis,10,14
Comibaena procumbaria,0,13
Avatha bipartita,5,11
Syntypistis cyanea,11,12
Herochroma cristata,0,13
Hypomecis percnioides,1,5
Mataeomera semialba,14,9
Paracrama angulata,8,8
Hoplodrina implacata,9,7
Calliteara angulata,9,7
Hamodes propitia,13,6
Herochroma supraviridaria,6,3
Hydrillodes lentalis,9,7
Beara tortriciformis,5,11
Bryophilina mollicula,12,4
Arytrurides inornatus,14,9
Problepsis albidior matsumurai,13,6
Langia zenzeroides formosana,2,2
Alcis postlurida,4,0
Xestia yamanei,1,5
Cyclophora intermixtaria,12,4
Paraona staudingeri formosana,2,2
Carminibotys carminalis,11,12
Parobeidia gigantearia marginifascia,4,0
Lophoptera squammigera,11,12
Nyctycia strigidisca nigridorsi,4,0
Maxates glaucaria,7,1
Sarcinodes yeni,9,7
Heotia vitessoides,10,14
Nacoleia charesalis,5,11
Borsippa marginata,11,12
Asota heliconia zebrina,9,7
Cyana sanguinea,13,6
Amsactoides solitaria,5,11
Ethmia lineatonotella,12,4
Parapercnia giraffata,8,8
Hypomecis obliquisigna,12,4
Biston robustum subrobustum,4,0
Hylophilodes esakii,8,8
Gastropacha pardalis formosana,8,8
Epipsestis bilineata pallida,4,0
Carea trimacula,12,4
Hypena perspicua,6,3
Pagyda nebulosa,4,0
Niphonyx segregata,11,12
Lixa productalis taiwana,0,13
Herochroma ochreipicta,2,2
Glyphodes duplicalis,14,9
Entomopteryx combusta,5,11
Anoratha sinuosa,7,1
Organopoda carnearia carnearia,6,3
Chrysorabdia vilemani,4,0
Pleuroptya balteata,5,11
Albara reversaria opalescens,9,7
Chiasmia monticolaria notia,14,9
Paradoxopla sinuata taiwana,2,2
